images/C_3_12_1_BU_DYA_07-31_16-15-04_CC_RGB_DF2_M1/C_3_12_1_BU_DYA_07-31_16-15-04_CC_RGB_DF2_M1_000001.png,images/C_3_12_1_BU_DYA_07-31_16-15-04_CC_RGB_DF2_M1/C_3_12_1_BU_DYA_07-31_16-15-04_CC_RGB_DF2_M1_000002.png,images/C_3_12_1_BU_DYA_07-31_16-15-04_CC_RGB_DF2_M1/C_3_12_1_BU_DYA_07-31_16-15-04_CC_RGB_DF2_M1_000003.png,0
images/C_3_12_1_BU_DYA_07-31_16-15-04_CC_RGB_DF2_M1/C_3_12_1_BU_DYA_07-31_16-15-04_CC_RGB_DF2_M1_000004.png,images/C_3_12_1_BU_DYA_07-31_16-15-04_CC_RGB_DF2_M1/C_3_12_1_BU_DYA_07-31_16-15-04_CC_RGB_DF2_M1_000005.png,images/C_3_12_1_BU_DYA_07-31_16-15-04_CC_RGB_DF2_M1/C_3_12_1_BU_DYA_07-31_16-15-04_CC_RGB_DF2_M1_000006.png,0
images/C_3_12_1_BU_DYA_07-31_16-15-04_CC_RGB_DF2_M1/C_3_12_1_BU_DYA_07-31_16-15-04_CC_RGB_DF2_M1_000007.png,images/C_3_12_1_BU_DYA_07-31_16-15-04_CC_RGB_DF2_M1/C_3_12_1_BU_DYA_07-31_16-15-04_CC_RGB_DF2_M1_000008.png,images/C_3_12_1_BU_DYA_07-31_16-15-04_CC_RGB_DF2_M1/C_3_12_1_BU_DYA_07-31_16-15-04_CC_RGB_DF2_M1_000009.png,0
images/C_3_12_1_BU_DYA_07-31_16-15-04_CC_RGB_DF2_M1/C_3_12_1_BU_DYA_07-31_16-15-04_CC_RGB_DF2_M1_000010.png,images/C_3_12_1_BU_DYA_07-31_16-15-04_CC_RGB_DF2_M1/C_3_12_1_BU_DYA_07-31_16-15-04_CC_RGB_DF2_M1_000011.png,images/C_3_12_1_BU_DYA_07-31_16-15-04_CC_RGB_DF2_M1/C_3_12_1_BU_DYA_07-31_16-15-04_CC_RGB_DF2_M1_000012.png,0
images/C_3_12_1_BU_DYA_07-31_16-15-04_CC_RGB_DF2_M1/C_3_12_1_BU_DYA_07-31_16-15-04_CC_RGB_DF2_M1_000013.png,images/C_3_12_1_BU_DYA_07-31_16-15-04_CC_RGB_DF2_M1/C_3_12_1_BU_DYA_07-31_16-15-04_CC_RGB_DF2_M1_000014.png,images/C_3_12_1_BU_DYA_07-31_16-15-04_CC_RGB_DF2_M1/C_3_12_1_BU_DYA_07-31_16-15-04_CC_RGB_DF2_M1_000015.png,0
images/C_3_12_1_BU_DYA_07-31_16-15-04_CC_RGB_DF2_M1/C_3_12_1_BU_DYA_07-31_16-15-04_CC_RGB_DF2_M1_000016.png,images/C_3_12_1_BU_DYA_07-31_16-15-04_CC_RGB_DF2_M1/C_3_12_1_BU_DYA_07-31_16-15-04_CC_RGB_DF2_M1_000017.png,images/C_3_12_1_BU_DYA_07-31_16-15-04_CC_RGB_DF2_M1/C_3_12_1_BU_DYA_07-31_16-15-04_CC_RGB_DF2_M1_000018.png,0
images/C_3_12_1_BU_DYA_07-31_16-15-04_CC_RGB_DF2_M1/C_3_12_1_BU_DYA_07-31_16-15-04_CC_RGB_DF2_M1_000019.png,images/C_3_12_1_BU_DYA_07-31_16-15-04_CC_RGB_DF2_M1/C_3_12_1_BU_DYA_07-31_16-15-04_CC_RGB_DF2_M1_000020.png,images/C_3_12_1_BU_DYA_07-31_16-15-04_CC_RGB_DF2_M1/C_3_12_1_BU_DYA_07-31_16-15-04_CC_RGB_DF2_M1_000021.png,0
images/C_3_12_1_BU_DYA_07-31_16-15-04_CC_RGB_DF2_M1/C_3_12_1_BU_DYA_07-31_16-15-04_CC_RGB_DF2_M1_000022.png,images/C_3_12_1_BU_DYA_07-31_16-15-04_CC_RGB_DF2_M1/C_3_12_1_BU_DYA_07-31_16-15-04_CC_RGB_DF2_M1_000023.png,images/C_3_12_1_BU_DYA_07-31_16-15-04_CC_RGB_DF2_M1/C_3_12_1_BU_DYA_07-31_16-15-04_CC_RGB_DF2_M1_000024.png,0
images/C_3_12_1_BU_DYA_07-31_16-15-04_CC_RGB_DF2_M1/C_3_12_1_BU_DYA_07-31_16-15-04_CC_RGB_DF2_M1_000025.png,images/C_3_12_1_BU_DYA_07-31_16-15-04_CC_RGB_DF2_M1/C_3_12_1_BU_DYA_07-31_16-15-04_CC_RGB_DF2_M1_000026.png,images/C_3_12_1_BU_DYA_07-31_16-15-04_CC_RGB_DF2_M1/C_3_12_1_BU_DYA_07-31_16-15-04_CC_RGB_DF2_M1_000027.png,0
images/C_3_12_1_BU_DYA_07-31_16-15-04_CC_RGB_DF2_M1/C_3_12_1_BU_DYA_07-31_16-15-04_CC_RGB_DF2_M1_000028.png,images/C_3_12_1_BU_DYA_07-31_16-15-04_CC_RGB_DF2_M1/C_3_12_1_BU_DYA_07-31_16-15-04_CC_RGB_DF2_M1_000029.png,images/C_3_12_1_BU_DYA_07-31_16-15-04_CC_RGB_DF2_M1/C_3_12_1_BU_DYA_07-31_16-15-04_CC_RGB_DF2_M1_000030.png,0
images/C_3_12_1_BU_DYA_07-31_16-15-04_CC_RGB_DF2_M1/C_3_12_1_BU_DYA_07-31_16-15-04_CC_RGB_DF2_M1_000031.png,images/C_3_12_1_BU_DYA_07-31_16-15-04_CC_RGB_DF2_M1/C_3_12_1_BU_DYA_07-31_16-15-04_CC_RGB_DF2_M1_000032.png,images/C_3_12_1_BU_DYA_07-31_16-15-04_CC_RGB_DF2_M1/C_3_12_1_BU_DYA_07-31_16-15-04_CC_RGB_DF2_M1_000033.png,0
images/C_3_12_1_BU_DYA_07-31_16-15-04_CC_RGB_DF2_M1/C_3_12_1_BU_DYA_07-31_16-15-04_CC_RGB_DF2_M1_000034.png,images/C_3_12_1_BU_DYA_07-31_16-15-04_CC_RGB_DF2_M1/C_3_12_1_BU_DYA_07-31_16-15-04_CC_RGB_DF2_M1_000035.png,images/C_3_12_1_BU_DYA_07-31_16-15-04_CC_RGB_DF2_M1/C_3_12_1_BU_DYA_07-31_16-15-04_CC_RGB_DF2_M1_000036.png,0
images/C_3_12_1_BU_DYA_07-31_16-15-04_CC_RGB_DF2_M1/C_3_12_1_BU_DYA_07-31_16-15-04_CC_RGB_DF2_M1_000037.png,images/C_3_12_1_BU_DYA_07-31_16-15-04_CC_RGB_DF2_M1/C_3_12_1_BU_DYA_07-31_16-15-04_CC_RGB_DF2_M1_000038.png,images/C_3_12_1_BU_DYA_07-31_16-15-04_CC_RGB_DF2_M1/C_3_12_1_BU_DYA_07-31_16-15-04_CC_RGB_DF2_M1_000039.png,0
images/C_3_12_1_BU_DYA_07-31_16-15-04_CC_RGB_DF2_M1/C_3_12_1_BU_DYA_07-31_16-15-04_CC_RGB_DF2_M1_000040.png,images/C_3_12_1_BU_DYA_07-31_16-15-04_CC_RGB_DF2_M1/C_3_12_1_BU_DYA_07-31_16-15-04_CC_RGB_DF2_M1_000041.png,images/C_3_12_1_BU_DYA_07-31_16-15-04_CC_RGB_DF2_M1/C_3_12_1_BU_DYA_07-31_16-15-04_CC_RGB_DF2_M1_000042.png,0
images/C_3_12_1_BU_DYA_07-31_16-15-04_CC_RGB_DF2_M1/C_3_12_1_BU_DYA_07-31_16-15-04_CC_RGB_DF2_M1_000043.png,images/C_3_12_1_BU_DYA_07-31_16-15-04_CC_RGB_DF2_M1/C_3_12_1_BU_DYA_07-31_16-15-04_CC_RGB_DF2_M1_000044.png,images/C_3_12_1_BU_DYA_07-31_16-15-04_CC_RGB_DF2_M1/C_3_12_1_BU_DYA_07-31_16-15-04_CC_RGB_DF2_M1_000045.png,0
images/C_3_12_1_BU_DYA_07-31_16-15-04_CC_RGB_DF2_M1/C_3_12_1_BU_DYA_07-31_16-15-04_CC_RGB_DF2_M1_000046.png,images/C_3_12_1_BU_DYA_07-31_16-15-04_CC_RGB_DF2_M1/C_3_12_1_BU_DYA_07-31_16-15-04_CC_RGB_DF2_M1_000047.png,images/C_3_12_1_BU_DYA_07-31_16-15-04_CC_RGB_DF2_M1/C_3_12_1_BU_DYA_07-31_16-15-04_CC_RGB_DF2_M1_000048.png,0
images/C_3_12_1_BU_DYA_07-31_16-15-04_CC_RGB_DF2_M1/C_3_12_1_BU_DYA_07-31_16-15-04_CC_RGB_DF2_M1_000049.png,images/C_3_12_1_BU_DYA_07-31_16-15-04_CC_RGB_DF2_M1/C_3_12_1_BU_DYA_07-31_16-15-04_CC_RGB_DF2_M1_000050.png,images/C_3_12_1_BU_DYA_07-31_16-15-04_CC_RGB_DF2_M1/C_3_12_1_BU_DYA_07-31_16-15-04_CC_RGB_DF2_M1_000051.png,0
images/C_3_12_1_BU_DYA_07-31_16-15-04_CC_RGB_DF2_M1/C_3_12_1_BU_DYA_07-31_16-15-04_CC_RGB_DF2_M1_000052.png,images/C_3_12_1_BU_DYA_07-31_16-15-04_CC_RGB_DF2_M1/C_3_12_1_BU_DYA_07-31_16-15-04_CC_RGB_DF2_M1_000053.png,images/C_3_12_1_BU_DYA_07-31_16-15-04_CC_RGB_DF2_M1/C_3_12_1_BU_DYA_07-31_16-15-04_CC_RGB_DF2_M1_000054.png,0
images/C_3_12_1_BU_DYA_07-31_16-15-04_CC_RGB_DF2_M1/C_3_12_1_BU_DYA_07-31_16-15-04_CC_RGB_DF2_M1_000055.png,images/C_3_12_1_BU_DYA_07-31_16-15-04_CC_RGB_DF2_M1/C_3_12_1_BU_DYA_07-31_16-15-04_CC_RGB_DF2_M1_000056.png,images/C_3_12_1_BU_DYA_07-31_16-15-04_CC_RGB_DF2_M1/C_3_12_1_BU_DYA_07-31_16-15-04_CC_RGB_DF2_M1_000057.png,0
images/C_3_12_1_BU_DYA_07-31_16-15-04_CC_RGB_DF2_M1/C_3_12_1_BU_DYA_07-31_16-15-04_CC_RGB_DF2_M1_000058.png,images/C_3_12_1_BU_DYA_07-31_16-15-04_CC_RGB_DF2_M1/C_3_12_1_BU_DYA_07-31_16-15-04_CC_RGB_DF2_M1_000059.png,images/C_3_12_1_BU_DYA_07-31_16-15-04_CC_RGB_DF2_M1/C_3_12_1_BU_DYA_07-31_16-15-04_CC_RGB_DF2_M1_000060.png,0
images/C_3_12_1_BU_DYA_07-31_16-15-04_CC_RGB_DF2_M1/C_3_12_1_BU_DYA_07-31_16-15-04_CC_RGB_DF2_M1_000061.png,images/C_3_12_1_BU_DYA_07-31_16-15-04_CC_RGB_DF2_M1/C_3_12_1_BU_DYA_07-31_16-15-04_CC_RGB_DF2_M1_000062.png,images/C_3_12_1_BU_DYA_07-31_16-15-04_CC_RGB_DF2_M1/C_3_12_1_BU_DYA_07-31_16-15-04_CC_RGB_DF2_M1_000063.png,0
images/C_3_12_1_BU_DYA_07-31_16-15-04_CC_RGB_DF2_M1/C_3_12_1_BU_DYA_07-31_16-15-04_CC_RGB_DF2_M1_000064.png,images/C_3_12_1_BU_DYA_07-31_16-15-04_CC_RGB_DF2_M1/C_3_12_1_BU_DYA_07-31_16-15-04_CC_RGB_DF2_M1_000065.png,images/C_3_12_1_BU_DYA_07-31_16-15-04_CC_RGB_DF2_M1/C_3_12_1_BU_DYA_07-31_16-15-04_CC_RGB_DF2_M1_000066.png,0
images/C_3_12_1_BU_DYA_07-31_16-15-04_CC_RGB_DF2_M1/C_3_12_1_BU_DYA_07-31_16-15-04_CC_RGB_DF2_M1_000067.png,images/C_3_12_1_BU_DYA_07-31_16-15-04_CC_RGB_DF2_M1/C_3_12_1_BU_DYA_07-31_16-15-04_CC_RGB_DF2_M1_000068.png,images/C_3_12_1_BU_DYA_07-31_16-15-04_CC_RGB_DF2_M1/C_3_12_1_BU_DYA_07-31_16-15-04_CC_RGB_DF2_M1_000069.png,0
images/C_3_12_1_BU_DYA_07-31_16-15-04_CC_RGB_DF2_M1/C_3_12_1_BU_DYA_07-31_16-15-04_CC_RGB_DF2_M1_000070.png,images/C_3_12_1_BU_DYA_07-31_16-15-04_CC_RGB_DF2_M1/C_3_12_1_BU_DYA_07-31_16-15-04_CC_RGB_DF2_M1_000071.png,images/C_3_12_1_BU_DYA_07-31_16-15-04_CC_RGB_DF2_M1/C_3_12_1_BU_DYA_07-31_16-15-04_CC_RGB_DF2_M1_000072.png,0
images/C_3_12_1_BU_DYA_07-31_16-15-04_CC_RGB_DF2_M1/C_3_12_1_BU_DYA_07-31_16-15-04_CC_RGB_DF2_M1_000073.png,images/C_3_12_1_BU_DYA_07-31_16-15-04_CC_RGB_DF2_M1/C_3_12_1_BU_DYA_07-31_16-15-04_CC_RGB_DF2_M1_000074.png,images/C_3_12_1_BU_DYA_07-31_16-15-04_CC_RGB_DF2_M1/C_3_12_1_BU_DYA_07-31_16-15-04_CC_RGB_DF2_M1_000075.png,0
images/C_3_12_1_BU_DYA_07-31_16-15-04_CC_RGB_DF2_M1/C_3_12_1_BU_DYA_07-31_16-15-04_CC_RGB_DF2_M1_000076.png,images/C_3_12_1_BU_DYA_07-31_16-15-04_CC_RGB_DF2_M1/C_3_12_1_BU_DYA_07-31_16-15-04_CC_RGB_DF2_M1_000077.png,images/C_3_12_1_BU_DYA_07-31_16-15-04_CC_RGB_DF2_M1/C_3_12_1_BU_DYA_07-31_16-15-04_CC_RGB_DF2_M1_000078.png,0
images/C_3_12_1_BU_DYA_07-31_16-15-04_CC_RGB_DF2_M1/C_3_12_1_BU_DYA_07-31_16-15-04_CC_RGB_DF2_M1_000079.png,images/C_3_12_1_BU_DYA_07-31_16-15-04_CC_RGB_DF2_M1/C_3_12_1_BU_DYA_07-31_16-15-04_CC_RGB_DF2_M1_000080.png,images/C_3_12_1_BU_DYA_07-31_16-15-04_CC_RGB_DF2_M1/C_3_12_1_BU_DYA_07-31_16-15-04_CC_RGB_DF2_M1_000081.png,0
images/C_3_12_1_BU_DYA_07-31_16-15-04_CC_RGB_DF2_M1/C_3_12_1_BU_DYA_07-31_16-15-04_CC_RGB_DF2_M1_000082.png,images/C_3_12_1_BU_DYA_07-31_16-15-04_CC_RGB_DF2_M1/C_3_12_1_BU_DYA_07-31_16-15-04_CC_RGB_DF2_M1_000083.png,images/C_3_12_1_BU_DYA_07-31_16-15-04_CC_RGB_DF2_M1/C_3_12_1_BU_DYA_07-31_16-15-04_CC_RGB_DF2_M1_000084.png,0
images/C_3_12_1_BU_DYA_07-31_16-15-04_CC_RGB_DF2_M1/C_3_12_1_BU_DYA_07-31_16-15-04_CC_RGB_DF2_M1_000085.png,images/C_3_12_1_BU_DYA_07-31_16-15-04_CC_RGB_DF2_M1/C_3_12_1_BU_DYA_07-31_16-15-04_CC_RGB_DF2_M1_000086.png,images/C_3_12_1_BU_DYA_07-31_16-15-04_CC_RGB_DF2_M1/C_3_12_1_BU_DYA_07-31_16-15-04_CC_RGB_DF2_M1_000087.png,0
images/C_3_12_1_BU_DYA_07-31_16-15-04_CC_RGB_DF2_M1/C_3_12_1_BU_DYA_07-31_16-15-04_CC_RGB_DF2_M1_000088.png,images/C_3_12_1_BU_DYA_07-31_16-15-04_CC_RGB_DF2_M1/C_3_12_1_BU_DYA_07-31_16-15-04_CC_RGB_DF2_M1_000089.png,images/C_3_12_1_BU_DYA_07-31_16-15-04_CC_RGB_DF2_M1/C_3_12_1_BU_DYA_07-31_16-15-04_CC_RGB_DF2_M1_000090.png,0
images/C_3_12_1_BU_DYA_07-31_16-15-04_CC_RGB_DF2_M1/C_3_12_1_BU_DYA_07-31_16-15-04_CC_RGB_DF2_M1_000091.png,images/C_3_12_1_BU_DYA_07-31_16-15-04_CC_RGB_DF2_M1/C_3_12_1_BU_DYA_07-31_16-15-04_CC_RGB_DF2_M1_000092.png,images/C_3_12_1_BU_DYA_07-31_16-15-04_CC_RGB_DF2_M1/C_3_12_1_BU_DYA_07-31_16-15-04_CC_RGB_DF2_M1_000093.png,0
images/C_3_12_1_BU_DYA_07-31_16-15-04_CC_RGB_DF2_M1/C_3_12_1_BU_DYA_07-31_16-15-04_CC_RGB_DF2_M1_000094.png,images/C_3_12_1_BU_DYA_07-31_16-15-04_CC_RGB_DF2_M1/C_3_12_1_BU_DYA_07-31_16-15-04_CC_RGB_DF2_M1_000095.png,images/C_3_12_1_BU_DYA_07-31_16-15-04_CC_RGB_DF2_M1/C_3_12_1_BU_DYA_07-31_16-15-04_CC_RGB_DF2_M1_000096.png,0
images/C_3_12_1_BU_DYA_07-31_16-15-04_CC_RGB_DF2_M1/C_3_12_1_BU_DYA_07-31_16-15-04_CC_RGB_DF2_M1_000097.png,images/C_3_12_1_BU_DYA_07-31_16-15-04_CC_RGB_DF2_M1/C_3_12_1_BU_DYA_07-31_16-15-04_CC_RGB_DF2_M1_000098.png,images/C_3_12_1_BU_DYA_07-31_16-15-04_CC_RGB_DF2_M1/C_3_12_1_BU_DYA_07-31_16-15-04_CC_RGB_DF2_M1_000099.png,0
images/C_3_12_1_BU_DYA_07-31_16-15-04_CC_RGB_DF2_M1/C_3_12_1_BU_DYA_07-31_16-15-04_CC_RGB_DF2_M1_000100.png,images/C_3_12_1_BU_DYA_07-31_16-15-04_CC_RGB_DF2_M1/C_3_12_1_BU_DYA_07-31_16-15-04_CC_RGB_DF2_M1_000101.png,images/C_3_12_1_BU_DYA_07-31_16-15-04_CC_RGB_DF2_M1/C_3_12_1_BU_DYA_07-31_16-15-04_CC_RGB_DF2_M1_000102.png,0
images/C_3_12_1_BU_DYA_07-31_16-15-04_CC_RGB_DF2_M1/C_3_12_1_BU_DYA_07-31_16-15-04_CC_RGB_DF2_M1_000103.png,images/C_3_12_1_BU_DYA_07-31_16-15-04_CC_RGB_DF2_M1/C_3_12_1_BU_DYA_07-31_16-15-04_CC_RGB_DF2_M1_000104.png,images/C_3_12_1_BU_DYA_07-31_16-15-04_CC_RGB_DF2_M1/C_3_12_1_BU_DYA_07-31_16-15-04_CC_RGB_DF2_M1_000105.png,0
images/C_3_12_1_BU_DYA_07-31_16-15-04_CC_RGB_DF2_M1/C_3_12_1_BU_DYA_07-31_16-15-04_CC_RGB_DF2_M1_000106.png,images/C_3_12_1_BU_DYA_07-31_16-15-04_CC_RGB_DF2_M1/C_3_12_1_BU_DYA_07-31_16-15-04_CC_RGB_DF2_M1_000107.png,images/C_3_12_1_BU_DYA_07-31_16-15-04_CC_RGB_DF2_M1/C_3_12_1_BU_DYA_07-31_16-15-04_CC_RGB_DF2_M1_000108.png,0
images/C_3_12_1_BU_DYA_07-31_16-15-04_CC_RGB_DF2_M1/C_3_12_1_BU_DYA_07-31_16-15-04_CC_RGB_DF2_M1_000109.png,images/C_3_12_1_BU_DYA_07-31_16-15-04_CC_RGB_DF2_M1/C_3_12_1_BU_DYA_07-31_16-15-04_CC_RGB_DF2_M1_000110.png,images/C_3_12_1_BU_DYA_07-31_16-15-04_CC_RGB_DF2_M1/C_3_12_1_BU_DYA_07-31_16-15-04_CC_RGB_DF2_M1_000111.png,0
images/C_3_12_1_BU_DYA_07-31_16-15-04_CC_RGB_DF2_M1/C_3_12_1_BU_DYA_07-31_16-15-04_CC_RGB_DF2_M1_000112.png,images/C_3_12_1_BU_DYA_07-31_16-15-04_CC_RGB_DF2_M1/C_3_12_1_BU_DYA_07-31_16-15-04_CC_RGB_DF2_M1_000113.png,images/C_3_12_1_BU_DYA_07-31_16-15-04_CC_RGB_DF2_M1/C_3_12_1_BU_DYA_07-31_16-15-04_CC_RGB_DF2_M1_000114.png,0
images/C_3_12_1_BU_DYA_07-31_16-15-04_CC_RGB_DF2_M1/C_3_12_1_BU_DYA_07-31_16-15-04_CC_RGB_DF2_M1_000115.png,images/C_3_12_1_BU_DYA_07-31_16-15-04_CC_RGB_DF2_M1/C_3_12_1_BU_DYA_07-31_16-15-04_CC_RGB_DF2_M1_000116.png,images/C_3_12_1_BU_DYA_07-31_16-15-04_CC_RGB_DF2_M1/C_3_12_1_BU_DYA_07-31_16-15-04_CC_RGB_DF2_M1_000117.png,0
images/C_3_12_1_BU_DYA_07-31_16-15-04_CC_RGB_DF2_M1/C_3_12_1_BU_DYA_07-31_16-15-04_CC_RGB_DF2_M1_000118.png,images/C_3_12_1_BU_DYA_07-31_16-15-04_CC_RGB_DF2_M1/C_3_12_1_BU_DYA_07-31_16-15-04_CC_RGB_DF2_M1_000119.png,images/C_3_12_1_BU_DYA_07-31_16-15-04_CC_RGB_DF2_M1/C_3_12_1_BU_DYA_07-31_16-15-04_CC_RGB_DF2_M1_000120.png,0
images/C_3_12_1_BU_DYA_07-31_16-15-04_CC_RGB_DF2_M1/C_3_12_1_BU_DYA_07-31_16-15-04_CC_RGB_DF2_M1_000121.png,images/C_3_12_1_BU_DYA_07-31_16-15-04_CC_RGB_DF2_M1/C_3_12_1_BU_DYA_07-31_16-15-04_CC_RGB_DF2_M1_000122.png,images/C_3_12_1_BU_DYA_07-31_16-15-04_CC_RGB_DF2_M1/C_3_12_1_BU_DYA_07-31_16-15-04_CC_RGB_DF2_M1_000123.png,0
images/C_3_12_1_BU_DYA_07-31_16-15-04_CC_RGB_DF2_M1/C_3_12_1_BU_DYA_07-31_16-15-04_CC_RGB_DF2_M1_000124.png,images/C_3_12_1_BU_DYA_07-31_16-15-04_CC_RGB_DF2_M1/C_3_12_1_BU_DYA_07-31_16-15-04_CC_RGB_DF2_M1_000125.png,images/C_3_12_1_BU_DYA_07-31_16-15-04_CC_RGB_DF2_M1/C_3_12_1_BU_DYA_07-31_16-15-04_CC_RGB_DF2_M1_000126.png,0
images/C_3_12_1_BU_DYA_07-31_16-15-04_CC_RGB_DF2_M1/C_3_12_1_BU_DYA_07-31_16-15-04_CC_RGB_DF2_M1_000127.png,images/C_3_12_1_BU_DYA_07-31_16-15-04_CC_RGB_DF2_M1/C_3_12_1_BU_DYA_07-31_16-15-04_CC_RGB_DF2_M1_000128.png,images/C_3_12_1_BU_DYA_07-31_16-15-04_CC_RGB_DF2_M1/C_3_12_1_BU_DYA_07-31_16-15-04_CC_RGB_DF2_M1_000129.png,1
images/C_3_12_1_BU_DYA_07-31_16-15-04_CC_RGB_DF2_M1/C_3_12_1_BU_DYA_07-31_16-15-04_CC_RGB_DF2_M1_000130.png,images/C_3_12_1_BU_DYA_07-31_16-15-04_CC_RGB_DF2_M1/C_3_12_1_BU_DYA_07-31_16-15-04_CC_RGB_DF2_M1_000131.png,images/C_3_12_1_BU_DYA_07-31_16-15-04_CC_RGB_DF2_M1/C_3_12_1_BU_DYA_07-31_16-15-04_CC_RGB_DF2_M1_000132.png,1
images/C_3_12_1_BU_DYA_07-31_16-15-04_CC_RGB_DF2_M1/C_3_12_1_BU_DYA_07-31_16-15-04_CC_RGB_DF2_M1_000133.png,images/C_3_12_1_BU_DYA_07-31_16-15-04_CC_RGB_DF2_M1/C_3_12_1_BU_DYA_07-31_16-15-04_CC_RGB_DF2_M1_000134.png,images/C_3_12_1_BU_DYA_07-31_16-15-04_CC_RGB_DF2_M1/C_3_12_1_BU_DYA_07-31_16-15-04_CC_RGB_DF2_M1_000135.png,1
